customer_id,touch_number,touch_date,channel,campaign,converted,revenue,cost
CUST-0001,1,2026-03-17,Direct,direct_visit,0,0,12.68
CUST-0001,2,2026-03-21,Direct,direct_visit,0,0,25.22
CUST-0001,3,2026-03-19,Display,retargeting,0,0,33.99
CUST-0001,4,2026-03-29,Email,nurture_sequence,1,99,8.61
CUST-0002,1,2026-03-18,Organic Search,blog_traffic,0,0,19.08
CUST-0002,2,2026-03-23,Referral,customer_referral,0,0,3.06
CUST-0002,3,2026-03-29,Direct,direct_visit,0,0,13.77
CUST-0002,4,2026-03-25,Email,nurture_sequence,0,0,27.8
CUST-0003,1,2026-03-08,Paid Search,competitor_search,0,0,7.21
CUST-0003,2,2026-03-11,LinkedIn,lead_gen_ads,0,0,33.29
CUST-0003,3,2026-03-17,Direct,direct_visit,0,0,20.37
CUST-0004,1,2026-02-26,Organic Search,faq_pages,0,0,24.39
CUST-0004,2,2026-03-02,Email,newsletter,0,0,29.41
CUST-0005,1,2026-02-09,Organic Search,seo_landing_pages,0,0,2.55
CUST-0005,2,2026-02-09,Email,nurture_sequence,0,0,16.57
CUST-0005,3,2026-02-11,Direct,direct_visit,1,99,31.48
CUST-0006,1,2026-02-10,Direct,direct_visit,0,0,21.16
CUST-0006,2,2026-02-11,Direct,direct_visit,0,0,10.91
CUST-0006,3,2026-02-21,Organic Search,blog_traffic,0,0,6.22
CUST-0006,4,2026-02-21,Display,retargeting,0,0,4.0
CUST-0007,1,2026-01-09,Display,awareness_banner,1,999,25.92
CUST-0008,1,2026-02-14,Email,nurture_sequence,1,999,4.7
CUST-0009,1,2026-03-28,LinkedIn,lead_gen_ads,0,0,9.41
CUST-0009,2,2026-03-31,LinkedIn,webinar_promo,0,0,2.85
CUST-0009,3,2026-04-05,Paid Search,competitor_search,0,0,5.21
CUST-0009,4,2026-04-12,LinkedIn,thought_leadership,0,0,8.26
CUST-0009,5,2026-04-16,Paid Search,competitor_search,1,999,17.42
CUST-0010,1,2026-01-26,Display,retargeting,0,0,6.9
CUST-0010,2,2026-01-27,Direct,direct_visit,0,0,22.42
CUST-0010,3,2026-01-29,Display,retargeting,0,0,5.03
CUST-0010,4,2026-02-08,LinkedIn,lead_gen_ads,0,0,31.09
CUST-0010,5,2026-02-12,Email,nurture_sequence,1,99,5.59
CUST-0011,1,2026-01-04,Paid Search,nonbrand_search,0,0,1.52
CUST-0012,1,2026-03-14,LinkedIn,webinar_promo,0,0,12.33
CUST-0012,2,2026-03-19,Paid Search,brand_search,0,0,15.03
CUST-0012,3,2026-03-17,Referral,partner_site,0,0,10.01
CUST-0012,4,2026-03-27,Direct,direct_visit,0,0,9.93
CUST-0012,5,2026-03-21,Email,trial_followup,1,199,11.58
CUST-0013,1,2026-03-04,Paid Search,nonbrand_search,1,1499,2.61
CUST-0014,1,2026-01-06,Direct,direct_visit,1,199,20.02
CUST-0015,1,2026-03-01,LinkedIn,thought_leadership,0,0,22.68
CUST-0015,2,2026-03-01,Paid Search,nonbrand_search,0,0,19.45
CUST-0015,3,2026-03-09,Display,awareness_banner,0,0,29.48
CUST-0015,4,2026-03-13,Referral,partner_site,0,0,7.75
CUST-0016,1,2026-03-04,Email,newsletter,0,0,24.65
CUST-0016,2,2026-03-08,LinkedIn,webinar_promo,0,0,32.88
CUST-0016,3,2026-03-03,Organic Search,faq_pages,0,0,12.93
CUST-0016,4,2026-03-04,LinkedIn,lead_gen_ads,0,0,32.48
CUST-0016,5,2026-03-10,Email,nurture_sequence,1,499,10.14
CUST-0017,1,2026-03-05,Paid Search,brand_search,0,0,31.66
CUST-0017,2,2026-03-07,Organic Search,faq_pages,0,0,12.86
CUST-0017,3,2026-03-10,Paid Search,competitor_search,0,0,25.82
CUST-0017,4,2026-03-13,Referral,customer_referral,0,0,31.22
CUST-0018,1,2026-03-18,Paid Search,nonbrand_search,1,99,1.81
CUST-0019,1,2026-01-20,Referral,partner_site,1,199,23.34
CUST-0020,1,2026-03-11,Paid Search,brand_search,0,0,7.49
CUST-0021,1,2026-02-04,Email,nurture_sequence,0,0,34.29
CUST-0021,2,2026-02-08,LinkedIn,lead_gen_ads,0,0,31.85
CUST-0021,3,2026-02-11,Direct,direct_visit,1,199,28.13
CUST-0022,1,2026-03-06,Paid Search,competitor_search,1,99,20.66
CUST-0023,1,2026-02-15,Email,newsletter,0,0,10.87
CUST-0024,1,2026-02-07,Direct,direct_visit,0,0,4.02
CUST-0024,2,2026-02-08,Paid Search,brand_search,0,0,7.9
CUST-0024,3,2026-02-09,Paid Search,competitor_search,1,1499,7.18
CUST-0025,1,2026-02-26,Organic Search,seo_landing_pages,0,0,4.76
CUST-0026,1,2026-01-06,Organic Search,blog_traffic,0,0,6.08
CUST-0026,2,2026-01-06,Paid Search,competitor_search,0,0,11.34
CUST-0027,1,2026-01-26,Direct,direct_visit,0,0,8.01
CUST-0027,2,2026-02-02,Direct,direct_visit,1,199,25.02
CUST-0028,1,2026-01-17,Email,trial_followup,0,0,34.39
CUST-0028,2,2026-01-19,Organic Search,seo_landing_pages,0,0,30.32
CUST-0028,3,2026-01-18,Organic Search,seo_landing_pages,0,0,29.06
CUST-0028,4,2026-01-23,Direct,direct_visit,1,199,19.49
CUST-0029,1,2026-02-26,Email,nurture_sequence,0,0,19.61
CUST-0029,2,2026-02-28,Email,newsletter,0,0,33.98
CUST-0029,3,2026-02-28,Email,nurture_sequence,0,0,2.88
CUST-0029,4,2026-03-10,Direct,direct_visit,0,0,10.57
CUST-0029,5,2026-03-14,Email,nurture_sequence,1,99,4.13
CUST-0030,1,2026-03-04,Display,awareness_banner,0,0,32.16
CUST-0030,2,2026-03-09,Display,awareness_banner,0,0,9.53
CUST-0030,3,2026-03-09,Paid Search,brand_search,0,0,23.62
CUST-0030,4,2026-03-07,Email,newsletter,0,0,33.49
CUST-0030,5,2026-03-18,Direct,direct_visit,0,0,23.51
CUST-0031,1,2026-03-09,Email,trial_followup,0,0,2.86
CUST-0031,2,2026-03-12,Organic Search,seo_landing_pages,0,0,25.07
CUST-0031,3,2026-03-20,LinkedIn,lead_gen_ads,0,0,27.07
CUST-0031,4,2026-03-12,Direct,direct_visit,0,0,17.36
CUST-0031,5,2026-03-13,Email,nurture_sequence,1,99,16.03
CUST-0032,1,2026-03-13,Email,nurture_sequence,0,0,18.28
CUST-0032,2,2026-03-18,Email,newsletter,1,99,24.41
CUST-0033,1,2026-02-05,LinkedIn,lead_gen_ads,0,0,20.71
CUST-0033,2,2026-02-03,Email,newsletter,0,0,28.68
CUST-0034,1,2026-03-12,Paid Search,competitor_search,0,0,14.14
CUST-0034,2,2026-03-10,Paid Search,competitor_search,0,0,22.21
CUST-0034,3,2026-03-17,Email,newsletter,1,199,23.47
CUST-0035,1,2026-04-01,Referral,partner_site,0,0,30.9
CUST-0035,2,2026-04-08,Organic Search,blog_traffic,0,0,28.42
CUST-0035,3,2026-04-03,LinkedIn,lead_gen_ads,0,0,15.69
CUST-0035,4,2026-04-16,Paid Search,competitor_search,0,0,34.68
CUST-0035,5,2026-04-20,Email,nurture_sequence,1,499,9.88
CUST-0036,1,2026-02-26,Direct,direct_visit,0,0,31.74
CUST-0036,2,2026-02-28,Display,awareness_banner,0,0,29.19
CUST-0036,3,2026-03-02,Paid Search,brand_search,0,0,31.5
CUST-0036,4,2026-02-28,LinkedIn,thought_leadership,0,0,31.83
CUST-0036,5,2026-03-16,Paid Search,brand_search,0,0,12.2
CUST-0037,1,2026-01-20,Direct,direct_visit,0,0,33.2
CUST-0037,2,2026-01-24,Direct,direct_visit,0,0,27.95
CUST-0037,3,2026-01-19,LinkedIn,thought_leadership,0,0,18.06
CUST-0037,4,2026-01-28,Email,nurture_sequence,1,499,19.91
CUST-0038,1,2026-03-18,Organic Search,faq_pages,0,0,15.77
CUST-0038,2,2026-03-24,Display,awareness_banner,0,0,14.79
CUST-0038,3,2026-03-25,Email,nurture_sequence,0,0,6.41
CUST-0038,4,2026-03-20,Paid Search,brand_search,0,0,9.31
CUST-0038,5,2026-04-05,Paid Search,brand_search,1,999,13.92
CUST-0039,1,2026-03-14,Paid Search,competitor_search,0,0,17.64
CUST-0039,2,2026-03-20,Direct,direct_visit,0,0,20.21
CUST-0039,3,2026-03-21,Email,nurture_sequence,0,0,31.86
CUST-0039,4,2026-03-24,Email,nurture_sequence,0,0,18.0
CUST-0040,1,2026-03-02,Email,newsletter,0,0,24.31
CUST-0040,2,2026-03-07,Email,nurture_sequence,0,0,14.91
CUST-0040,3,2026-03-11,Direct,direct_visit,0,0,11.07
CUST-0040,4,2026-03-15,Display,retargeting,0,0,8.99
CUST-0040,5,2026-03-09,Paid Search,nonbrand_search,0,0,1.91
CUST-0041,1,2026-01-25,Referral,partner_site,0,0,24.8
CUST-0041,2,2026-01-23,Direct,direct_visit,0,0,19.02
CUST-0041,3,2026-01-24,LinkedIn,thought_leadership,0,0,24.81
CUST-0041,4,2026-02-02,Email,newsletter,0,0,22.52
CUST-0041,5,2026-01-31,Direct,direct_visit,0,0,14.37
CUST-0042,1,2026-03-19,Referral,partner_site,1,199,10.79
CUST-0043,1,2026-01-12,Organic Search,faq_pages,0,0,24.89
CUST-0043,2,2026-01-10,Email,newsletter,0,0,11.87
CUST-0043,3,2026-01-20,Organic Search,blog_traffic,0,0,24.44
CUST-0043,4,2026-01-12,Email,newsletter,1,1499,32.02
CUST-0044,1,2026-03-13,Display,awareness_banner,0,0,14.11
CUST-0044,2,2026-03-12,Paid Search,nonbrand_search,0,0,34.57
CUST-0044,3,2026-03-13,Organic Search,faq_pages,0,0,21.4
CUST-0044,4,2026-03-22,Organic Search,blog_traffic,0,0,33.99
CUST-0044,5,2026-03-25,Paid Search,brand_search,1,99,29.58
CUST-0045,1,2026-01-03,Direct,direct_visit,0,0,24.67
CUST-0045,2,2026-01-03,Display,retargeting,0,0,26.62
CUST-0046,1,2026-02-23,Direct,direct_visit,0,0,5.83
CUST-0046,2,2026-02-28,Organic Search,blog_traffic,0,0,21.81
CUST-0046,3,2026-02-28,Direct,direct_visit,1,99,30.92
CUST-0047,1,2026-03-15,Display,awareness_banner,0,0,17.45
CUST-0047,2,2026-03-19,Organic Search,faq_pages,0,0,11.81
CUST-0048,1,2026-01-06,Referral,partner_site,1,999,5.99
CUST-0049,1,2026-03-09,LinkedIn,lead_gen_ads,0,0,20.09
CUST-0049,2,2026-03-13,LinkedIn,webinar_promo,0,0,25.83
CUST-0049,3,2026-03-10,Display,awareness_banner,0,0,16.61
CUST-0049,4,2026-03-19,Referral,customer_referral,0,0,11.48
CUST-0049,5,2026-03-17,Paid Search,competitor_search,1,499,24.87
CUST-0050,1,2026-03-01,Paid Search,brand_search,0,0,34.33
CUST-0050,2,2026-02-27,Organic Search,seo_landing_pages,0,0,12.51
CUST-0050,3,2026-03-06,Paid Search,competitor_search,0,0,9.54
CUST-0050,4,2026-03-09,Email,trial_followup,0,0,5.82
CUST-0050,5,2026-03-12,Email,trial_followup,0,0,14.91
CUST-0051,1,2026-02-26,Paid Search,nonbrand_search,0,0,21.66
CUST-0051,2,2026-03-03,LinkedIn,webinar_promo,0,0,29.03
CUST-0051,3,2026-03-03,LinkedIn,lead_gen_ads,0,0,7.43
CUST-0051,4,2026-03-01,LinkedIn,lead_gen_ads,0,0,5.54
CUST-0052,1,2026-02-16,Organic Search,seo_landing_pages,0,0,12.56
CUST-0053,1,2026-02-20,Paid Search,nonbrand_search,0,0,6.76
CUST-0053,2,2026-02-24,Referral,partner_site,0,0,1.59
CUST-0053,3,2026-02-28,Display,retargeting,0,0,4.33
CUST-0054,1,2026-03-22,Display,awareness_banner,0,0,26.96
CUST-0054,2,2026-03-24,Display,awareness_banner,0,0,25.64
CUST-0054,3,2026-03-26,Referral,customer_referral,0,0,6.45
CUST-0055,1,2026-01-25,Referral,partner_site,0,0,14.8
CUST-0055,2,2026-01-31,LinkedIn,thought_leadership,0,0,26.2
CUST-0055,3,2026-02-04,Email,nurture_sequence,1,999,20.39
CUST-0056,1,2026-04-04,Referral,partner_site,0,0,31.33
CUST-0057,1,2026-01-12,LinkedIn,webinar_promo,0,0,26.47
CUST-0057,2,2026-01-12,Paid Search,competitor_search,0,0,14.19
CUST-0057,3,2026-01-13,Direct,direct_visit,0,0,13.66
CUST-0057,4,2026-01-18,Email,nurture_sequence,1,199,9.69
CUST-0058,1,2026-02-06,Direct,direct_visit,0,0,30.0
CUST-0058,2,2026-02-06,Referral,customer_referral,0,0,28.5
CUST-0058,3,2026-02-14,Email,trial_followup,1,99,29.72
CUST-0059,1,2026-02-12,Direct,direct_visit,0,0,30.49
CUST-0059,2,2026-02-13,Email,nurture_sequence,0,0,10.14
CUST-0059,3,2026-02-21,Paid Search,nonbrand_search,1,499,23.9
CUST-0060,1,2026-03-20,Organic Search,blog_traffic,1,199,7.77
CUST-0061,1,2026-01-22,Paid Search,nonbrand_search,0,0,11.17
CUST-0061,2,2026-01-22,Email,nurture_sequence,0,0,6.67
CUST-0061,3,2026-02-01,Display,retargeting,0,0,19.34
CUST-0061,4,2026-01-24,Paid Search,nonbrand_search,0,0,12.78
CUST-0062,1,2026-01-11,Email,trial_followup,0,0,24.33
CUST-0062,2,2026-01-12,Email,newsletter,1,999,21.45
CUST-0063,1,2026-02-22,Direct,direct_visit,0,0,15.19
CUST-0063,2,2026-02-20,Referral,customer_referral,0,0,34.7
CUST-0063,3,2026-02-24,Email,trial_followup,0,0,3.73
CUST-0064,1,2026-03-14,LinkedIn,thought_leadership,0,0,9.4
CUST-0064,2,2026-03-17,Paid Search,nonbrand_search,0,0,31.91
CUST-0064,3,2026-03-16,Direct,direct_visit,0,0,30.89
CUST-0064,4,2026-03-17,Paid Search,nonbrand_search,1,999,28.86
CUST-0065,1,2026-01-26,Display,awareness_banner,0,0,19.71
CUST-0065,2,2026-01-31,Display,awareness_banner,0,0,22.41
CUST-0065,3,2026-02-01,Email,nurture_sequence,1,999,32.98
CUST-0066,1,2026-03-06,Email,newsletter,0,0,19.37
CUST-0066,2,2026-03-11,Display,retargeting,0,0,27.92
CUST-0066,3,2026-03-11,Display,retargeting,0,0,11.94
CUST-0067,1,2026-02-04,Referral,customer_referral,0,0,19.47
CUST-0067,2,2026-02-08,Email,newsletter,0,0,5.77
CUST-0067,3,2026-02-14,Referral,partner_site,0,0,28.21
CUST-0067,4,2026-02-06,Organic Search,blog_traffic,0,0,9.18
CUST-0067,5,2026-02-22,Direct,direct_visit,1,999,27.36
CUST-0068,1,2026-02-07,Email,nurture_sequence,0,0,12.97
CUST-0068,2,2026-02-09,Organic Search,faq_pages,0,0,16.98
CUST-0068,3,2026-02-11,Direct,direct_visit,1,999,22.1
CUST-0069,1,2026-03-06,Organic Search,blog_traffic,0,0,32.4
CUST-0069,2,2026-03-11,Email,trial_followup,1,499,6.61
CUST-0070,1,2026-01-13,Referral,partner_site,0,0,32.51
CUST-0070,2,2026-01-15,LinkedIn,thought_leadership,0,0,5.29
CUST-0070,3,2026-01-12,Direct,direct_visit,0,0,7.04
CUST-0070,4,2026-01-25,Referral,customer_referral,0,0,29.56
CUST-0071,1,2026-02-25,LinkedIn,webinar_promo,1,499,3.33
CUST-0072,1,2026-02-28,Direct,direct_visit,0,0,12.67
CUST-0073,1,2026-03-20,Referral,partner_site,0,0,2.6
CUST-0073,2,2026-03-22,Organic Search,faq_pages,0,0,9.82
CUST-0073,3,2026-03-19,Display,retargeting,0,0,7.04
CUST-0073,4,2026-03-20,Direct,direct_visit,1,1499,32.15
CUST-0074,1,2026-01-23,Organic Search,blog_traffic,1,99,7.46
CUST-0075,1,2026-01-21,Referral,customer_referral,0,0,3.75
CUST-0075,2,2026-01-26,Referral,partner_site,0,0,8.53
CUST-0075,3,2026-01-29,Email,nurture_sequence,0,0,8.37
CUST-0075,4,2026-01-24,Paid Search,brand_search,1,199,2.72
CUST-0076,1,2026-03-21,LinkedIn,lead_gen_ads,0,0,16.27
CUST-0076,2,2026-03-23,Display,awareness_banner,0,0,20.25
CUST-0076,3,2026-03-28,Organic Search,blog_traffic,0,0,12.7
CUST-0077,1,2026-03-19,LinkedIn,thought_leadership,0,0,2.35
CUST-0077,2,2026-03-23,Referral,customer_referral,0,0,25.49
CUST-0077,3,2026-03-18,Organic Search,blog_traffic,0,0,19.98
CUST-0078,1,2026-03-01,Display,retargeting,0,0,20.58
CUST-0078,2,2026-03-06,Direct,direct_visit,0,0,23.37
CUST-0078,3,2026-03-09,Referral,customer_referral,0,0,4.83
CUST-0079,1,2026-02-09,Referral,customer_referral,0,0,4.36
CUST-0079,2,2026-02-12,Direct,direct_visit,0,0,29.91
CUST-0079,3,2026-02-18,Email,newsletter,1,999,30.86
CUST-0080,1,2026-01-04,Paid Search,competitor_search,0,0,14.22
CUST-0080,2,2026-01-08,Display,retargeting,0,0,10.48
CUST-0080,3,2026-01-05,Direct,direct_visit,0,0,13.06
CUST-0080,4,2026-01-18,Email,nurture_sequence,0,0,13.65
CUST-0080,5,2026-01-07,LinkedIn,webinar_promo,0,0,33.27
CUST-0081,1,2026-03-19,Referral,customer_referral,0,0,15.74
CUST-0081,2,2026-03-21,LinkedIn,thought_leadership,0,0,10.5
CUST-0081,3,2026-03-27,Referral,customer_referral,0,0,22.72
CUST-0081,4,2026-03-27,Display,retargeting,0,0,6.17
CUST-0082,1,2026-01-28,Organic Search,faq_pages,0,0,24.39
CUST-0082,2,2026-01-30,Direct,direct_visit,0,0,32.13
CUST-0082,3,2026-01-29,Direct,direct_visit,0,0,28.8
CUST-0083,1,2026-01-18,Direct,direct_visit,0,0,18.17
CUST-0084,1,2026-03-29,Direct,direct_visit,0,0,26.03
CUST-0084,2,2026-03-31,LinkedIn,thought_leadership,0,0,23.78
CUST-0084,3,2026-04-05,Paid Search,nonbrand_search,0,0,32.13
CUST-0084,4,2026-04-04,Display,retargeting,0,0,14.34
CUST-0085,1,2026-01-05,Email,newsletter,0,0,4.27
CUST-0085,2,2026-01-10,Referral,partner_site,0,0,9.72
CUST-0086,1,2026-01-15,Email,nurture_sequence,0,0,6.02
CUST-0086,2,2026-01-19,Paid Search,brand_search,0,0,10.54
CUST-0086,3,2026-01-20,LinkedIn,webinar_promo,0,0,21.44
CUST-0086,4,2026-01-23,Display,retargeting,0,0,18.13
CUST-0086,5,2026-01-16,Paid Search,competitor_search,1,199,12.7
CUST-0087,1,2026-03-18,Paid Search,nonbrand_search,0,0,16.9
CUST-0087,2,2026-03-20,Direct,direct_visit,1,499,28.94
CUST-0088,1,2026-02-21,Referral,customer_referral,0,0,28.55
CUST-0088,2,2026-02-22,Referral,partner_site,0,0,27.97
CUST-0088,3,2026-02-23,Organic Search,faq_pages,0,0,18.96
CUST-0088,4,2026-03-08,Email,nurture_sequence,0,0,33.6
CUST-0088,5,2026-03-07,LinkedIn,webinar_promo,0,0,28.52
CUST-0089,1,2026-03-13,Paid Search,competitor_search,0,0,2.98
CUST-0089,2,2026-03-19,Organic Search,faq_pages,0,0,34.98
CUST-0089,3,2026-03-17,Paid Search,brand_search,0,0,17.35
CUST-0089,4,2026-03-23,Email,nurture_sequence,0,0,5.54
CUST-0089,5,2026-03-26,Direct,direct_visit,1,99,11.46
CUST-0090,1,2026-03-27,Display,retargeting,0,0,16.75
CUST-0090,2,2026-03-29,Referral,customer_referral,0,0,23.09
CUST-0091,1,2026-02-17,Organic Search,faq_pages,0,0,12.06
CUST-0091,2,2026-02-16,LinkedIn,thought_leadership,0,0,23.67
CUST-0091,3,2026-02-17,Direct,direct_visit,1,199,22.47
CUST-0092,1,2026-03-09,Display,awareness_banner,0,0,32.74
CUST-0092,2,2026-03-13,LinkedIn,webinar_promo,0,0,1.82
CUST-0092,3,2026-03-10,Organic Search,seo_landing_pages,0,0,4.47
CUST-0092,4,2026-03-15,Organic Search,blog_traffic,0,0,17.57
CUST-0092,5,2026-03-27,Email,trial_followup,1,99,14.84
CUST-0093,1,2026-03-26,Direct,direct_visit,0,0,9.5
CUST-0094,1,2026-01-31,Organic Search,blog_traffic,0,0,34.59
CUST-0094,2,2026-02-01,Email,trial_followup,0,0,14.37
CUST-0094,3,2026-02-11,Email,trial_followup,1,99,33.32
CUST-0095,1,2026-03-12,Display,awareness_banner,0,0,7.1
CUST-0095,2,2026-03-19,Display,awareness_banner,0,0,9.26
CUST-0095,3,2026-03-23,Referral,partner_site,0,0,23.26
CUST-0095,4,2026-03-15,LinkedIn,webinar_promo,0,0,18.68
CUST-0095,5,2026-03-21,Referral,partner_site,0,0,7.41
CUST-0096,1,2026-01-04,Referral,customer_referral,0,0,33.96
CUST-0096,2,2026-01-05,Direct,direct_visit,0,0,18.86
CUST-0097,1,2026-03-05,LinkedIn,webinar_promo,0,0,9.02
CUST-0097,2,2026-03-10,Organic Search,blog_traffic,0,0,19.49
CUST-0097,3,2026-03-05,LinkedIn,lead_gen_ads,0,0,30.31
CUST-0097,4,2026-03-14,Direct,direct_visit,1,1499,30.89
CUST-0098,1,2026-01-31,Paid Search,nonbrand_search,0,0,28.62
CUST-0098,2,2026-02-06,LinkedIn,thought_leadership,0,0,19.95
CUST-0098,3,2026-02-07,Paid Search,nonbrand_search,0,0,15.18
CUST-0099,1,2026-04-01,Organic Search,blog_traffic,0,0,30.02
CUST-0099,2,2026-04-08,Referral,partner_site,0,0,17.6
CUST-0099,3,2026-04-03,Email,trial_followup,1,499,29.13
CUST-0100,1,2026-03-22,Direct,direct_visit,0,0,9.72
CUST-0100,2,2026-03-24,Paid Search,competitor_search,1,999,6.87
CUST-0101,1,2026-04-02,Direct,direct_visit,0,0,33.7
CUST-0101,2,2026-04-01,Organic Search,faq_pages,0,0,30.95
CUST-0101,3,2026-04-05,Email,nurture_sequence,0,0,28.97
CUST-0101,4,2026-04-03,Display,awareness_banner,0,0,31.94
CUST-0101,5,2026-04-09,Paid Search,nonbrand_search,1,99,29.38
CUST-0102,1,2026-03-08,Direct,direct_visit,0,0,5.38
CUST-0102,2,2026-03-11,Referral,customer_referral,0,0,1.8
CUST-0102,3,2026-03-10,LinkedIn,webinar_promo,0,0,5.8
CUST-0102,4,2026-03-19,Paid Search,nonbrand_search,0,0,2.12
CUST-0102,5,2026-03-12,Paid Search,nonbrand_search,0,0,12.95
CUST-0103,1,2026-02-10,Direct,direct_visit,0,0,27.32
CUST-0103,2,2026-02-14,Referral,partner_site,0,0,7.07
CUST-0103,3,2026-02-18,Email,nurture_sequence,0,0,25.24
CUST-0103,4,2026-02-14,Email,newsletter,0,0,3.44
CUST-0104,1,2026-01-15,Display,awareness_banner,0,0,2.32
CUST-0104,2,2026-01-20,Direct,direct_visit,0,0,29.02
CUST-0104,3,2026-01-23,Paid Search,competitor_search,1,99,28.93
CUST-0105,1,2026-01-27,Organic Search,blog_traffic,0,0,6.98
CUST-0105,2,2026-02-01,Referral,partner_site,0,0,24.74
CUST-0105,3,2026-02-07,Paid Search,nonbrand_search,1,199,27.39
CUST-0106,1,2026-01-30,LinkedIn,thought_leadership,0,0,22.89
CUST-0106,2,2026-01-31,Paid Search,competitor_search,0,0,10.69
CUST-0106,3,2026-02-05,Referral,partner_site,0,0,15.21
CUST-0106,4,2026-02-12,Email,nurture_sequence,1,499,9.2
CUST-0107,1,2026-01-29,Email,nurture_sequence,0,0,8.32
CUST-0107,2,2026-01-27,Organic Search,blog_traffic,0,0,6.65
CUST-0107,3,2026-02-03,Display,awareness_banner,0,0,19.27
CUST-0107,4,2026-02-06,Email,trial_followup,0,0,28.19
CUST-0107,5,2026-02-14,LinkedIn,thought_leadership,0,0,32.05
CUST-0108,1,2026-02-17,Display,awareness_banner,0,0,9.79
CUST-0108,2,2026-02-17,Email,nurture_sequence,1,499,9.06
CUST-0109,1,2026-01-04,LinkedIn,lead_gen_ads,0,0,14.65
CUST-0109,2,2026-01-06,Direct,direct_visit,0,0,34.15
CUST-0109,3,2026-01-08,Paid Search,competitor_search,0,0,24.78
CUST-0109,4,2026-01-06,Direct,direct_visit,0,0,33.41
CUST-0110,1,2026-03-31,LinkedIn,thought_leadership,0,0,9.61
CUST-0111,1,2026-03-24,Referral,partner_site,1,499,20.25
CUST-0112,1,2026-01-03,Paid Search,brand_search,0,0,4.26
CUST-0112,2,2026-01-04,Paid Search,nonbrand_search,0,0,14.8
CUST-0113,1,2026-04-03,Referral,customer_referral,0,0,5.0
CUST-0113,2,2026-04-06,Paid Search,brand_search,1,99,25.17
CUST-0114,1,2026-02-05,Paid Search,nonbrand_search,1,499,22.45
CUST-0115,1,2026-01-09,LinkedIn,lead_gen_ads,0,0,16.65
CUST-0115,2,2026-01-13,Email,trial_followup,0,0,19.13
CUST-0115,3,2026-01-13,Email,nurture_sequence,0,0,4.23
CUST-0115,4,2026-01-15,Referral,customer_referral,0,0,9.78
CUST-0116,1,2026-01-22,Display,awareness_banner,0,0,20.1
CUST-0116,2,2026-01-23,Referral,partner_site,0,0,9.15
CUST-0116,3,2026-01-31,Email,newsletter,0,0,18.02
CUST-0116,4,2026-02-04,Direct,direct_visit,0,0,8.18
CUST-0116,5,2026-02-03,Paid Search,brand_search,1,499,3.92
CUST-0117,1,2026-02-20,Referral,partner_site,1,1499,29.85
CUST-0118,1,2026-01-24,Email,nurture_sequence,0,0,25.8
CUST-0118,2,2026-01-28,Organic Search,seo_landing_pages,0,0,21.52
CUST-0118,3,2026-02-01,Paid Search,nonbrand_search,0,0,23.44
CUST-0118,4,2026-02-01,LinkedIn,webinar_promo,0,0,11.01
CUST-0118,5,2026-01-25,Paid Search,competitor_search,0,0,22.37
CUST-0119,1,2026-01-27,Email,newsletter,0,0,3.82
CUST-0119,2,2026-01-28,Referral,customer_referral,0,0,4.76
CUST-0119,3,2026-01-29,Display,retargeting,0,0,21.36
CUST-0119,4,2026-02-07,Organic Search,blog_traffic,0,0,23.7
CUST-0119,5,2026-02-10,Direct,direct_visit,1,199,6.98
CUST-0120,1,2026-01-29,Organic Search,faq_pages,0,0,21.21
CUST-0120,2,2026-02-05,LinkedIn,thought_leadership,0,0,9.44
CUST-0120,3,2026-02-06,Direct,direct_visit,0,0,9.41
CUST-0121,1,2026-03-25,Organic Search,seo_landing_pages,0,0,6.38
CUST-0121,2,2026-03-23,Direct,direct_visit,0,0,9.83
CUST-0121,3,2026-03-30,Organic Search,blog_traffic,0,0,9.96
CUST-0122,1,2026-02-07,Display,retargeting,0,0,25.13
CUST-0122,2,2026-02-14,Direct,direct_visit,0,0,21.11
CUST-0122,3,2026-02-15,Email,nurture_sequence,0,0,8.4
CUST-0122,4,2026-02-10,Direct,direct_visit,0,0,2.65
CUST-0123,1,2026-02-07,Email,newsletter,0,0,5.59
CUST-0123,2,2026-02-10,Organic Search,blog_traffic,0,0,32.78
CUST-0124,1,2026-02-22,Referral,customer_referral,0,0,24.48
CUST-0124,2,2026-02-24,Email,nurture_sequence,0,0,12.32
CUST-0124,3,2026-02-23,Organic Search,blog_traffic,0,0,20.93
CUST-0124,4,2026-03-08,Email,trial_followup,0,0,18.98
CUST-0124,5,2026-03-07,Direct,direct_visit,0,0,23.84
CUST-0125,1,2026-02-17,Email,nurture_sequence,0,0,7.81
CUST-0125,2,2026-02-20,Organic Search,blog_traffic,0,0,16.37
CUST-0125,3,2026-02-17,Organic Search,faq_pages,0,0,7.43
CUST-0125,4,2026-02-22,Email,newsletter,0,0,29.58
CUST-0126,1,2026-01-31,Organic Search,seo_landing_pages,0,0,30.61
CUST-0126,2,2026-02-07,Organic Search,blog_traffic,0,0,2.52
CUST-0127,1,2026-02-06,Paid Search,nonbrand_search,1,99,14.69
CUST-0128,1,2026-03-07,Email,newsletter,0,0,27.71
CUST-0128,2,2026-03-05,Organic Search,faq_pages,0,0,26.24
CUST-0128,3,2026-03-15,Organic Search,seo_landing_pages,0,0,15.04
CUST-0128,4,2026-03-11,Referral,customer_referral,0,0,23.86
CUST-0128,5,2026-03-13,Paid Search,nonbrand_search,1,199,27.04
CUST-0129,1,2026-03-20,Paid Search,nonbrand_search,0,0,19.74
CUST-0130,1,2026-03-08,Email,trial_followup,0,0,20.38
CUST-0131,1,2026-04-02,Paid Search,nonbrand_search,0,0,3.95
CUST-0131,2,2026-04-05,Paid Search,nonbrand_search,0,0,23.03
CUST-0131,3,2026-04-05,Paid Search,nonbrand_search,0,0,18.26
CUST-0132,1,2026-02-19,Organic Search,blog_traffic,0,0,9.74
CUST-0132,2,2026-02-25,Referral,partner_site,0,0,14.71
CUST-0132,3,2026-02-26,Email,nurture_sequence,0,0,26.52
CUST-0132,4,2026-03-05,Direct,direct_visit,0,0,33.51
CUST-0132,5,2026-02-22,Email,newsletter,1,199,8.06
CUST-0133,1,2026-01-27,Email,nurture_sequence,0,0,17.78
CUST-0133,2,2026-02-02,LinkedIn,thought_leadership,0,0,11.04
CUST-0133,3,2026-02-03,LinkedIn,thought_leadership,0,0,28.4
CUST-0133,4,2026-02-06,Display,awareness_banner,0,0,11.93
CUST-0133,5,2026-02-14,Paid Search,nonbrand_search,1,199,25.49
CUST-0134,1,2026-04-03,Paid Search,competitor_search,1,199,30.29
CUST-0135,1,2026-03-08,Paid Search,nonbrand_search,0,0,28.5
CUST-0135,2,2026-03-06,Organic Search,blog_traffic,0,0,22.71
CUST-0135,3,2026-03-13,Direct,direct_visit,0,0,1.59
CUST-0135,4,2026-03-12,Organic Search,seo_landing_pages,0,0,18.76
CUST-0135,5,2026-03-24,Email,newsletter,0,0,28.09
CUST-0136,1,2026-02-14,Paid Search,brand_search,0,0,11.62
CUST-0136,2,2026-02-19,Organic Search,faq_pages,0,0,30.01
CUST-0137,1,2026-01-22,Email,newsletter,0,0,26.19
CUST-0137,2,2026-01-23,Direct,direct_visit,1,499,17.34
CUST-0138,1,2026-02-21,Direct,direct_visit,0,0,22.87
CUST-0138,2,2026-02-19,Display,awareness_banner,0,0,22.67
CUST-0138,3,2026-02-20,LinkedIn,lead_gen_ads,0,0,6.25
CUST-0138,4,2026-03-05,Email,trial_followup,0,0,21.5
CUST-0138,5,2026-02-27,Display,retargeting,0,0,16.33
CUST-0139,1,2026-03-19,Display,retargeting,0,0,4.16
CUST-0139,2,2026-03-24,Email,newsletter,0,0,31.46
CUST-0139,3,2026-03-25,Referral,partner_site,0,0,12.33
CUST-0139,4,2026-03-28,LinkedIn,lead_gen_ads,0,0,13.39
CUST-0139,5,2026-04-05,Paid Search,brand_search,1,499,18.89
CUST-0140,1,2026-02-16,LinkedIn,lead_gen_ads,0,0,9.23
CUST-0140,2,2026-02-17,Email,trial_followup,1,499,7.88
CUST-0141,1,2026-01-06,Referral,customer_referral,0,0,20.95
CUST-0141,2,2026-01-06,Paid Search,brand_search,1,199,7.37
CUST-0142,1,2026-03-04,Referral,partner_site,0,0,26.83
CUST-0143,1,2026-01-11,Email,nurture_sequence,0,0,9.36
CUST-0144,1,2026-01-07,Email,nurture_sequence,0,0,27.89
CUST-0144,2,2026-01-13,Email,newsletter,0,0,21.88
CUST-0144,3,2026-01-17,Paid Search,nonbrand_search,0,0,6.84
CUST-0144,4,2026-01-09,Direct,direct_visit,1,99,2.71
CUST-0145,1,2026-03-08,Paid Search,nonbrand_search,0,0,32.89
CUST-0146,1,2026-03-10,Email,nurture_sequence,1,199,18.78
CUST-0147,1,2026-01-16,Referral,customer_referral,0,0,19.58
CUST-0147,2,2026-01-17,Email,trial_followup,0,0,24.09
CUST-0147,3,2026-01-21,Direct,direct_visit,1,199,30.58
CUST-0148,1,2026-02-23,Referral,partner_site,0,0,13.09
CUST-0148,2,2026-03-01,Paid Search,nonbrand_search,0,0,22.97
CUST-0148,3,2026-02-24,Direct,direct_visit,1,99,20.77
CUST-0149,1,2026-02-08,Display,retargeting,0,0,29.14
CUST-0149,2,2026-02-07,Referral,partner_site,0,0,5.58
CUST-0149,3,2026-02-08,Paid Search,nonbrand_search,0,0,18.45
CUST-0149,4,2026-02-17,Referral,customer_referral,0,0,4.18
CUST-0149,5,2026-02-25,Paid Search,brand_search,1,199,32.87
CUST-0150,1,2026-03-03,Display,awareness_banner,0,0,23.28
CUST-0150,2,2026-03-07,Referral,partner_site,0,0,3.56
CUST-0150,3,2026-03-10,Direct,direct_visit,0,0,7.92
CUST-0150,4,2026-03-05,LinkedIn,lead_gen_ads,0,0,17.73
CUST-0151,1,2026-02-28,Display,retargeting,0,0,7.22
CUST-0151,2,2026-02-27,Paid Search,brand_search,0,0,27.72
CUST-0152,1,2026-01-20,Email,trial_followup,0,0,9.17
CUST-0152,2,2026-01-18,Paid Search,competitor_search,0,0,8.9
CUST-0152,3,2026-01-19,Email,nurture_sequence,0,0,15.77
CUST-0153,1,2026-03-04,Direct,direct_visit,0,0,27.27
CUST-0153,2,2026-03-07,LinkedIn,webinar_promo,0,0,15.44
CUST-0153,3,2026-03-12,Display,retargeting,0,0,2.14
CUST-0153,4,2026-03-15,LinkedIn,thought_leadership,0,0,26.97
CUST-0153,5,2026-03-13,Direct,direct_visit,1,99,7.85
CUST-0154,1,2026-03-28,Organic Search,blog_traffic,0,0,33.65
CUST-0154,2,2026-04-03,Organic Search,blog_traffic,0,0,5.18
CUST-0154,3,2026-04-07,Direct,direct_visit,0,0,23.14
CUST-0154,4,2026-03-30,Direct,direct_visit,0,0,29.79
CUST-0154,5,2026-04-10,Direct,direct_visit,0,0,6.5
CUST-0155,1,2026-03-25,LinkedIn,thought_leadership,0,0,5.96
CUST-0155,2,2026-03-31,Paid Search,brand_search,0,0,23.57
CUST-0155,3,2026-03-26,Direct,direct_visit,0,0,24.55
CUST-0155,4,2026-04-08,Paid Search,brand_search,1,199,10.86
CUST-0156,1,2026-03-04,Direct,direct_visit,0,0,18.1
CUST-0156,2,2026-03-09,Email,trial_followup,0,0,16.58
CUST-0157,1,2026-03-04,Display,retargeting,1,199,26.2
CUST-0158,1,2026-01-12,Direct,direct_visit,0,0,4.34
CUST-0159,1,2026-02-23,LinkedIn,lead_gen_ads,0,0,34.72
CUST-0159,2,2026-02-28,Paid Search,competitor_search,0,0,33.07
CUST-0159,3,2026-03-01,Direct,direct_visit,1,199,7.7
CUST-0160,1,2026-01-07,Referral,partner_site,0,0,4.25
CUST-0160,2,2026-01-13,Referral,partner_site,0,0,11.4
CUST-0160,3,2026-01-17,Organic Search,blog_traffic,0,0,34.2
CUST-0161,1,2026-02-07,Referral,partner_site,0,0,23.07
CUST-0161,2,2026-02-09,Email,trial_followup,0,0,2.91
CUST-0162,1,2026-02-09,Email,nurture_sequence,0,0,21.66
CUST-0162,2,2026-02-07,LinkedIn,webinar_promo,0,0,18.95
CUST-0163,1,2026-01-11,Display,retargeting,0,0,14.1
CUST-0163,2,2026-01-14,Paid Search,nonbrand_search,0,0,22.03
CUST-0163,3,2026-01-16,Organic Search,seo_landing_pages,0,0,32.6
CUST-0163,4,2026-01-26,Display,awareness_banner,0,0,18.12
CUST-0164,1,2026-02-02,Referral,customer_referral,1,999,32.28
CUST-0165,1,2026-01-25,Referral,customer_referral,0,0,7.44
CUST-0165,2,2026-01-25,Paid Search,nonbrand_search,1,999,34.49
CUST-0166,1,2026-03-27,Organic Search,faq_pages,0,0,33.83
CUST-0166,2,2026-03-29,Direct,direct_visit,0,0,18.45
CUST-0166,3,2026-04-04,Direct,direct_visit,0,0,12.97
CUST-0166,4,2026-03-31,Display,retargeting,0,0,26.9
CUST-0167,1,2026-03-05,Referral,customer_referral,1,499,30.76
CUST-0168,1,2026-01-12,Organic Search,blog_traffic,1,499,26.35
CUST-0169,1,2026-03-07,Organic Search,faq_pages,0,0,22.1
CUST-0169,2,2026-03-09,Organic Search,blog_traffic,0,0,14.07
CUST-0169,3,2026-03-08,Email,nurture_sequence,1,499,29.91
CUST-0170,1,2026-03-23,Referral,customer_referral,0,0,26.92
CUST-0170,2,2026-03-30,Referral,partner_site,0,0,26.83
CUST-0171,1,2026-01-07,Display,awareness_banner,0,0,14.62
CUST-0171,2,2026-01-06,Direct,direct_visit,0,0,1.56
CUST-0171,3,2026-01-13,Paid Search,brand_search,1,999,2.47
CUST-0172,1,2026-02-18,Email,newsletter,0,0,23.02
CUST-0172,2,2026-02-22,Paid Search,brand_search,0,0,20.93
CUST-0172,3,2026-02-23,Display,awareness_banner,0,0,20.28
CUST-0172,4,2026-02-22,Display,awareness_banner,0,0,24.16
CUST-0173,1,2026-03-03,Email,newsletter,0,0,26.49
CUST-0173,2,2026-03-05,Direct,direct_visit,1,99,25.21
CUST-0174,1,2026-02-20,Direct,direct_visit,0,0,8.89
CUST-0174,2,2026-02-23,Email,trial_followup,0,0,27.18
CUST-0174,3,2026-02-20,Referral,customer_referral,0,0,11.53
CUST-0174,4,2026-02-21,Paid Search,brand_search,1,99,22.86
CUST-0175,1,2026-01-19,Referral,partner_site,0,0,7.68
CUST-0175,2,2026-01-17,Display,awareness_banner,0,0,12.71
CUST-0175,3,2026-01-18,Referral,partner_site,0,0,2.31
CUST-0175,4,2026-01-23,Direct,direct_visit,1,499,21.15
CUST-0176,1,2026-02-23,Direct,direct_visit,1,99,15.89
CUST-0177,1,2026-03-06,Direct,direct_visit,0,0,16.85
CUST-0177,2,2026-03-07,Email,nurture_sequence,0,0,22.64
CUST-0177,3,2026-03-11,Paid Search,competitor_search,0,0,31.78
CUST-0178,1,2026-02-28,Email,nurture_sequence,0,0,21.94
CUST-0178,2,2026-03-06,Referral,partner_site,0,0,26.67
CUST-0178,3,2026-03-10,Paid Search,brand_search,0,0,33.55
CUST-0179,1,2026-03-31,Email,nurture_sequence,0,0,9.86
CUST-0179,2,2026-04-04,Display,awareness_banner,0,0,26.94
CUST-0179,3,2026-04-02,LinkedIn,thought_leadership,0,0,27.52
CUST-0179,4,2026-04-12,Display,retargeting,0,0,17.83
CUST-0180,1,2026-02-27,Direct,direct_visit,0,0,27.36
CUST-0180,2,2026-03-02,Email,trial_followup,0,0,9.43
CUST-0180,3,2026-03-10,Organic Search,faq_pages,0,0,33.77
CUST-0181,1,2026-01-15,Paid Search,competitor_search,0,0,25.79
CUST-0181,2,2026-01-16,Direct,direct_visit,0,0,20.44
CUST-0181,3,2026-01-23,Organic Search,faq_pages,0,0,34.06
CUST-0181,4,2026-01-30,Direct,direct_visit,0,0,33.91
CUST-0181,5,2026-01-19,Organic Search,blog_traffic,0,0,2.24
CUST-0182,1,2026-03-13,Referral,customer_referral,0,0,15.03
CUST-0182,2,2026-03-18,Display,retargeting,0,0,28.02
CUST-0182,3,2026-03-15,Paid Search,brand_search,0,0,22.03
CUST-0182,4,2026-03-20,Paid Search,nonbrand_search,0,0,29.87
CUST-0182,5,2026-03-22,Direct,direct_visit,0,0,7.05
CUST-0183,1,2026-02-27,Organic Search,faq_pages,0,0,19.77
CUST-0183,2,2026-03-06,Direct,direct_visit,1,199,27.86
CUST-0184,1,2026-03-06,LinkedIn,lead_gen_ads,0,0,12.56
CUST-0184,2,2026-03-09,Display,awareness_banner,0,0,18.9
CUST-0184,3,2026-03-17,Paid Search,brand_search,0,0,23.6
CUST-0184,4,2026-03-21,Display,awareness_banner,0,0,10.06
CUST-0185,1,2026-03-03,Email,newsletter,0,0,14.59
CUST-0185,2,2026-03-05,Organic Search,seo_landing_pages,0,0,13.96
CUST-0185,3,2026-03-08,Paid Search,brand_search,0,0,14.81
CUST-0185,4,2026-03-11,Display,retargeting,0,0,16.28
CUST-0185,5,2026-03-14,Email,nurture_sequence,1,199,4.65
CUST-0186,1,2026-02-09,Direct,direct_visit,0,0,18.93
CUST-0186,2,2026-02-13,Direct,direct_visit,0,0,24.81
CUST-0186,3,2026-02-17,Display,awareness_banner,0,0,12.11
CUST-0186,4,2026-02-17,Direct,direct_visit,1,1499,13.66
CUST-0187,1,2026-02-10,Referral,partner_site,0,0,7.67
CUST-0187,2,2026-02-11,Paid Search,competitor_search,0,0,11.99
CUST-0187,3,2026-02-15,Email,nurture_sequence,0,0,33.92
CUST-0188,1,2026-01-15,LinkedIn,thought_leadership,0,0,23.88
CUST-0188,2,2026-01-14,Referral,customer_referral,0,0,7.06
CUST-0188,3,2026-01-18,Paid Search,nonbrand_search,1,199,15.82
CUST-0189,1,2026-01-05,Paid Search,brand_search,0,0,34.11
CUST-0189,2,2026-01-11,Email,newsletter,0,0,11.43
CUST-0189,3,2026-01-09,Paid Search,nonbrand_search,1,99,5.21
CUST-0190,1,2026-01-12,Organic Search,blog_traffic,0,0,10.02
CUST-0190,2,2026-01-15,Display,retargeting,0,0,30.97
CUST-0190,3,2026-01-17,Email,nurture_sequence,0,0,9.69
CUST-0190,4,2026-01-27,Email,nurture_sequence,0,0,4.87
CUST-0191,1,2026-02-06,Paid Search,brand_search,0,0,16.09
CUST-0191,2,2026-02-11,LinkedIn,lead_gen_ads,0,0,26.23
CUST-0191,3,2026-02-15,Display,retargeting,0,0,29.77
CUST-0191,4,2026-02-15,Organic Search,faq_pages,0,0,2.54
CUST-0191,5,2026-02-08,Organic Search,seo_landing_pages,0,0,12.39
CUST-0192,1,2026-03-14,Paid Search,competitor_search,0,0,24.75
CUST-0192,2,2026-03-13,Email,trial_followup,0,0,11.73
CUST-0192,3,2026-03-20,Email,newsletter,0,0,2.61
CUST-0192,4,2026-03-15,Paid Search,brand_search,1,199,23.38
CUST-0193,1,2026-02-10,Paid Search,competitor_search,0,0,1.51
CUST-0193,2,2026-02-14,LinkedIn,webinar_promo,0,0,14.56
CUST-0193,3,2026-02-14,Email,nurture_sequence,0,0,9.1
CUST-0193,4,2026-02-12,Paid Search,nonbrand_search,1,499,14.24
CUST-0194,1,2026-01-28,Referral,customer_referral,0,0,30.25
CUST-0194,2,2026-01-31,Organic Search,seo_landing_pages,0,0,32.01
CUST-0194,3,2026-01-31,Referral,partner_site,0,0,28.46
CUST-0195,1,2026-03-22,Display,awareness_banner,0,0,5.27
CUST-0195,2,2026-03-23,Paid Search,brand_search,0,0,19.61
CUST-0195,3,2026-03-31,LinkedIn,thought_leadership,0,0,9.6
CUST-0195,4,2026-04-04,Paid Search,brand_search,1,199,17.2
CUST-0196,1,2026-02-24,LinkedIn,lead_gen_ads,1,99,21.56
CUST-0197,1,2026-01-11,Organic Search,faq_pages,0,0,4.15
CUST-0197,2,2026-01-10,Paid Search,nonbrand_search,0,0,28.12
CUST-0197,3,2026-01-14,Direct,direct_visit,1,999,15.88
CUST-0198,1,2026-02-22,Direct,direct_visit,0,0,17.86
CUST-0198,2,2026-02-21,Display,retargeting,0,0,19.1
CUST-0198,3,2026-02-22,Email,trial_followup,1,999,29.28
CUST-0199,1,2026-04-01,Display,awareness_banner,0,0,32.01
CUST-0200,1,2026-02-23,Direct,direct_visit,0,0,21.84
CUST-0201,1,2026-02-01,LinkedIn,lead_gen_ads,0,0,27.86
CUST-0201,2,2026-02-04,Email,nurture_sequence,0,0,10.3
CUST-0201,3,2026-02-10,Display,awareness_banner,0,0,17.34
CUST-0202,1,2026-03-29,Referral,customer_referral,1,99,13.62
CUST-0203,1,2026-01-30,LinkedIn,lead_gen_ads,0,0,21.96
CUST-0203,2,2026-01-29,Email,newsletter,0,0,18.81
CUST-0203,3,2026-02-02,Organic Search,blog_traffic,0,0,1.76
CUST-0203,4,2026-02-04,Direct,direct_visit,1,199,29.42
CUST-0204,1,2026-04-04,Display,awareness_banner,0,0,14.79
CUST-0204,2,2026-04-04,Direct,direct_visit,0,0,32.71
CUST-0204,3,2026-04-03,Direct,direct_visit,0,0,28.86
CUST-0204,4,2026-04-04,Paid Search,brand_search,0,0,28.91
CUST-0205,1,2026-02-10,Display,retargeting,0,0,16.6
CUST-0205,2,2026-02-14,Paid Search,nonbrand_search,0,0,7.03
CUST-0205,3,2026-02-20,Display,awareness_banner,0,0,25.95
CUST-0205,4,2026-02-24,Direct,direct_visit,0,0,31.9
CUST-0205,5,2026-02-13,LinkedIn,thought_leadership,0,0,21.86
CUST-0206,1,2026-03-13,Paid Search,nonbrand_search,1,499,10.13
CUST-0207,1,2026-03-25,Organic Search,blog_traffic,1,99,16.78
CUST-0208,1,2026-01-29,Email,nurture_sequence,0,0,12.26
CUST-0208,2,2026-01-30,Paid Search,competitor_search,0,0,15.32
CUST-0209,1,2026-03-08,LinkedIn,webinar_promo,0,0,30.77
CUST-0209,2,2026-03-15,LinkedIn,lead_gen_ads,0,0,5.54
CUST-0209,3,2026-03-13,Direct,direct_visit,0,0,19.25
CUST-0209,4,2026-03-19,Organic Search,seo_landing_pages,0,0,6.26
CUST-0209,5,2026-03-12,Direct,direct_visit,1,1499,24.78
CUST-0210,1,2026-03-07,Display,retargeting,0,0,28.57
CUST-0210,2,2026-03-12,Direct,direct_visit,0,0,13.0
CUST-0210,3,2026-03-15,Display,awareness_banner,0,0,23.35
CUST-0210,4,2026-03-22,Organic Search,blog_traffic,0,0,24.7
CUST-0211,1,2026-02-15,Display,awareness_banner,0,0,27.93
CUST-0211,2,2026-02-22,Paid Search,nonbrand_search,0,0,14.37
CUST-0212,1,2026-03-22,Paid Search,competitor_search,0,0,21.64
CUST-0212,2,2026-03-28,Display,awareness_banner,0,0,24.56
CUST-0212,3,2026-03-29,Email,nurture_sequence,1,499,7.09
CUST-0213,1,2026-02-10,Paid Search,competitor_search,0,0,12.91
CUST-0213,2,2026-02-12,Paid Search,competitor_search,0,0,15.22
CUST-0213,3,2026-02-09,Display,retargeting,0,0,24.18
CUST-0213,4,2026-02-10,Email,nurture_sequence,0,0,29.7
CUST-0213,5,2026-02-26,Email,nurture_sequence,1,499,16.71
CUST-0214,1,2026-02-22,Direct,direct_visit,0,0,6.05
CUST-0214,2,2026-02-23,Referral,partner_site,0,0,8.5
CUST-0214,3,2026-02-28,LinkedIn,webinar_promo,0,0,6.86
CUST-0214,4,2026-02-27,LinkedIn,lead_gen_ads,0,0,26.83
CUST-0215,1,2026-02-08,Organic Search,seo_landing_pages,0,0,29.19
CUST-0215,2,2026-02-08,Email,newsletter,0,0,11.16
CUST-0215,3,2026-02-15,Direct,direct_visit,0,0,6.58
CUST-0215,4,2026-02-10,LinkedIn,thought_leadership,0,0,34.02
CUST-0215,5,2026-02-16,Display,awareness_banner,0,0,34.33
CUST-0216,1,2026-02-06,Direct,direct_visit,1,999,29.59
CUST-0217,1,2026-02-02,Direct,direct_visit,0,0,18.5
CUST-0217,2,2026-02-07,LinkedIn,thought_leadership,0,0,33.87
CUST-0217,3,2026-02-10,Organic Search,faq_pages,0,0,7.04
CUST-0218,1,2026-01-15,Email,nurture_sequence,0,0,22.38
CUST-0218,2,2026-01-13,LinkedIn,lead_gen_ads,0,0,16.96
CUST-0218,3,2026-01-20,Direct,direct_visit,0,0,14.74
CUST-0218,4,2026-01-27,Paid Search,brand_search,0,0,17.43
CUST-0218,5,2026-01-31,LinkedIn,lead_gen_ads,0,0,9.13
CUST-0219,1,2026-01-14,Referral,partner_site,0,0,5.68
CUST-0219,2,2026-01-13,Direct,direct_visit,0,0,24.31
CUST-0219,3,2026-01-14,Paid Search,nonbrand_search,1,99,2.65
CUST-0220,1,2026-01-30,Email,nurture_sequence,1,199,21.22
CUST-0221,1,2026-03-19,Paid Search,brand_search,0,0,13.64
CUST-0221,2,2026-03-18,Paid Search,competitor_search,1,199,31.46
CUST-0222,1,2026-02-24,Display,retargeting,0,0,33.53
CUST-0222,2,2026-02-28,Display,retargeting,0,0,5.16
CUST-0222,3,2026-03-04,Display,retargeting,0,0,16.21
CUST-0223,1,2026-03-16,LinkedIn,lead_gen_ads,0,0,10.08
CUST-0224,1,2026-03-04,Display,awareness_banner,0,0,22.69
CUST-0224,2,2026-03-04,Display,awareness_banner,0,0,28.96
CUST-0224,3,2026-03-05,Organic Search,faq_pages,0,0,8.56
CUST-0224,4,2026-03-06,Referral,customer_referral,0,0,1.8
CUST-0224,5,2026-03-17,Email,nurture_sequence,1,999,24.17
CUST-0225,1,2026-02-02,Display,retargeting,0,0,12.95
CUST-0226,1,2026-02-09,Direct,direct_visit,0,0,4.47
CUST-0226,2,2026-02-08,Direct,direct_visit,0,0,25.73
CUST-0226,3,2026-02-12,Email,nurture_sequence,0,0,2.32
CUST-0226,4,2026-02-18,Paid Search,competitor_search,0,0,19.9
CUST-0226,5,2026-02-16,Paid Search,brand_search,1,499,33.25
CUST-0227,1,2026-03-28,LinkedIn,lead_gen_ads,0,0,4.07
CUST-0227,2,2026-03-30,Referral,customer_referral,0,0,28.12
CUST-0228,1,2026-04-02,Direct,direct_visit,0,0,10.91
CUST-0228,2,2026-04-08,Display,retargeting,0,0,32.63
CUST-0228,3,2026-04-06,Display,retargeting,0,0,31.85
CUST-0228,4,2026-04-04,Email,trial_followup,0,0,17.46
CUST-0229,1,2026-02-02,Direct,direct_visit,1,99,13.49
CUST-0230,1,2026-02-04,Paid Search,nonbrand_search,1,499,16.71
CUST-0231,1,2026-02-25,Email,trial_followup,0,0,20.01
CUST-0231,2,2026-02-27,Organic Search,blog_traffic,0,0,32.21
CUST-0231,3,2026-03-05,Referral,customer_referral,0,0,14.95
CUST-0231,4,2026-03-05,Paid Search,nonbrand_search,1,999,31.05
CUST-0232,1,2026-03-18,Paid Search,nonbrand_search,0,0,25.45
CUST-0232,2,2026-03-21,Email,nurture_sequence,1,99,31.51
CUST-0233,1,2026-01-09,Direct,direct_visit,0,0,29.19
CUST-0233,2,2026-01-12,Paid Search,competitor_search,1,199,20.43
CUST-0234,1,2026-03-24,Display,retargeting,0,0,31.98
CUST-0234,2,2026-03-31,LinkedIn,webinar_promo,0,0,4.49
CUST-0235,1,2026-02-01,Paid Search,brand_search,0,0,25.08
CUST-0235,2,2026-02-02,Email,trial_followup,0,0,7.09
CUST-0236,1,2026-02-06,Email,trial_followup,0,0,22.75
CUST-0236,2,2026-02-04,LinkedIn,lead_gen_ads,0,0,5.01
CUST-0236,3,2026-02-08,Paid Search,competitor_search,0,0,18.26
CUST-0236,4,2026-02-06,Email,trial_followup,0,0,16.83
CUST-0236,5,2026-02-12,Paid Search,nonbrand_search,1,199,27.32
CUST-0237,1,2026-01-14,Organic Search,blog_traffic,0,0,15.43
CUST-0238,1,2026-03-16,Referral,customer_referral,0,0,23.2
CUST-0238,2,2026-03-22,LinkedIn,thought_leadership,0,0,26.76
CUST-0239,1,2026-03-31,Display,awareness_banner,0,0,3.25
CUST-0239,2,2026-04-06,Email,nurture_sequence,0,0,8.17
CUST-0239,3,2026-04-10,Organic Search,blog_traffic,0,0,11.13
CUST-0239,4,2026-04-10,LinkedIn,thought_leadership,0,0,3.45
CUST-0239,5,2026-04-08,Email,nurture_sequence,0,0,18.78
CUST-0240,1,2026-03-19,Referral,customer_referral,0,0,2.15
CUST-0240,2,2026-03-23,Direct,direct_visit,0,0,33.29
CUST-0240,3,2026-03-24,Direct,direct_visit,0,0,18.01
CUST-0240,4,2026-03-27,Referral,customer_referral,0,0,19.29
CUST-0241,1,2026-02-14,Paid Search,nonbrand_search,0,0,27.04
CUST-0241,2,2026-02-18,Email,trial_followup,0,0,8.86
CUST-0241,3,2026-02-24,Organic Search,seo_landing_pages,0,0,30.21
CUST-0241,4,2026-02-20,Email,newsletter,0,0,4.06
CUST-0242,1,2026-01-10,Display,awareness_banner,0,0,11.33
CUST-0243,1,2026-01-11,Email,trial_followup,1,499,23.71
CUST-0244,1,2026-02-23,Paid Search,competitor_search,0,0,25.29
CUST-0244,2,2026-02-22,LinkedIn,lead_gen_ads,0,0,21.71
CUST-0244,3,2026-02-23,Paid Search,competitor_search,0,0,3.5
CUST-0244,4,2026-03-08,Display,awareness_banner,0,0,21.0
CUST-0244,5,2026-03-12,Email,newsletter,1,99,9.51
CUST-0245,1,2026-01-17,Email,newsletter,0,0,22.35
CUST-0245,2,2026-01-19,Referral,partner_site,0,0,20.87
CUST-0245,3,2026-01-24,Paid Search,brand_search,0,0,28.67
CUST-0245,4,2026-01-31,Email,trial_followup,1,99,6.99
CUST-0246,1,2026-02-22,Display,awareness_banner,0,0,17.24
CUST-0246,2,2026-02-24,Email,trial_followup,0,0,25.21
CUST-0246,3,2026-02-24,Referral,customer_referral,0,0,6.43
CUST-0247,1,2026-03-18,Referral,partner_site,0,0,33.74
CUST-0247,2,2026-03-20,Paid Search,nonbrand_search,0,0,32.61
CUST-0247,3,2026-03-22,Organic Search,seo_landing_pages,0,0,19.82
CUST-0247,4,2026-03-24,Referral,partner_site,0,0,16.86
CUST-0247,5,2026-03-31,Paid Search,nonbrand_search,1,199,30.44
CUST-0248,1,2026-02-04,Paid Search,brand_search,0,0,8.1
CUST-0248,2,2026-02-08,LinkedIn,webinar_promo,0,0,34.37
CUST-0248,3,2026-02-05,Direct,direct_visit,0,0,8.84
CUST-0248,4,2026-02-06,Paid Search,brand_search,1,99,32.3
CUST-0249,1,2026-01-05,Email,trial_followup,0,0,14.74
CUST-0249,2,2026-01-12,Paid Search,nonbrand_search,1,199,33.9
CUST-0250,1,2026-03-08,LinkedIn,thought_leadership,0,0,29.49
CUST-0250,2,2026-03-14,Display,retargeting,0,0,14.13
CUST-0250,3,2026-03-18,Paid Search,nonbrand_search,0,0,28.46
CUST-0250,4,2026-03-10,LinkedIn,lead_gen_ads,0,0,12.28
CUST-0250,5,2026-03-16,Direct,direct_visit,1,999,18.74
CUST-0251,1,2026-01-31,Paid Search,brand_search,0,0,1.51
CUST-0251,2,2026-02-04,Direct,direct_visit,0,0,11.18
CUST-0251,3,2026-02-08,LinkedIn,webinar_promo,0,0,32.3
CUST-0252,1,2026-04-01,Direct,direct_visit,0,0,32.27
CUST-0252,2,2026-04-01,Display,retargeting,0,0,20.83
CUST-0252,3,2026-04-05,Direct,direct_visit,1,99,22.34
CUST-0253,1,2026-03-27,Direct,direct_visit,0,0,31.72
CUST-0253,2,2026-03-29,LinkedIn,thought_leadership,0,0,34.14
CUST-0253,3,2026-04-03,Organic Search,seo_landing_pages,0,0,29.63
CUST-0253,4,2026-03-29,Email,newsletter,0,0,9.16
CUST-0253,5,2026-03-30,Paid Search,brand_search,0,0,6.46
CUST-0254,1,2026-03-13,Direct,direct_visit,0,0,26.92
CUST-0254,2,2026-03-15,LinkedIn,thought_leadership,0,0,13.33
CUST-0254,3,2026-03-18,LinkedIn,webinar_promo,0,0,33.21
CUST-0254,4,2026-03-25,Direct,direct_visit,0,0,14.93
CUST-0254,5,2026-03-19,LinkedIn,webinar_promo,0,0,17.46
CUST-0255,1,2026-01-12,Paid Search,competitor_search,0,0,2.6
CUST-0255,2,2026-01-12,LinkedIn,thought_leadership,0,0,13.71
CUST-0256,1,2026-02-09,Paid Search,brand_search,0,0,25.85
CUST-0256,2,2026-02-08,Email,nurture_sequence,1,999,29.13
CUST-0257,1,2026-03-30,Direct,direct_visit,0,0,19.81
CUST-0257,2,2026-03-30,Direct,direct_visit,1,99,1.5
CUST-0258,1,2026-03-12,Direct,direct_visit,0,0,34.1
CUST-0259,1,2026-01-07,LinkedIn,lead_gen_ads,0,0,26.01
CUST-0259,2,2026-01-11,Referral,partner_site,0,0,15.43
CUST-0259,3,2026-01-06,Display,retargeting,0,0,21.92
CUST-0259,4,2026-01-11,Email,nurture_sequence,0,0,28.9
CUST-0259,5,2026-01-23,Email,trial_followup,0,0,10.59
CUST-0260,1,2026-02-20,Referral,partner_site,0,0,8.89
CUST-0261,1,2026-03-16,Paid Search,nonbrand_search,0,0,21.06
CUST-0261,2,2026-03-19,LinkedIn,lead_gen_ads,0,0,17.64
CUST-0261,3,2026-03-16,Display,awareness_banner,0,0,33.3
CUST-0261,4,2026-03-25,Display,retargeting,0,0,5.85
CUST-0261,5,2026-03-18,Paid Search,nonbrand_search,1,99,27.65
CUST-0262,1,2026-03-25,Paid Search,nonbrand_search,0,0,24.86
CUST-0263,1,2026-01-26,Organic Search,blog_traffic,0,0,8.04
CUST-0263,2,2026-01-25,Display,awareness_banner,0,0,12.74
CUST-0263,3,2026-02-04,Paid Search,brand_search,1,199,30.19
CUST-0264,1,2026-02-17,Direct,direct_visit,1,1499,11.95
CUST-0265,1,2026-02-02,Email,trial_followup,0,0,27.7
CUST-0265,2,2026-02-07,Organic Search,seo_landing_pages,0,0,25.07
CUST-0266,1,2026-01-07,LinkedIn,lead_gen_ads,0,0,19.81
CUST-0266,2,2026-01-06,Direct,direct_visit,0,0,19.61
CUST-0267,1,2026-01-29,Referral,partner_site,0,0,6.77
CUST-0267,2,2026-02-04,Direct,direct_visit,0,0,22.44
CUST-0267,3,2026-02-02,Referral,customer_referral,0,0,28.85
CUST-0267,4,2026-01-31,LinkedIn,thought_leadership,0,0,3.87
CUST-0267,5,2026-02-06,Direct,direct_visit,1,99,22.43
CUST-0268,1,2026-03-25,LinkedIn,lead_gen_ads,0,0,14.59
CUST-0268,2,2026-03-26,Organic Search,faq_pages,0,0,15.29
CUST-0268,3,2026-03-30,Direct,direct_visit,1,99,12.69
CUST-0269,1,2026-03-11,Referral,customer_referral,1,99,4.31
CUST-0270,1,2026-03-13,LinkedIn,webinar_promo,1,99,33.14
CUST-0271,1,2026-01-11,Display,retargeting,0,0,12.4
CUST-0271,2,2026-01-13,Display,awareness_banner,0,0,32.14
CUST-0271,3,2026-01-19,Referral,customer_referral,0,0,16.58
CUST-0271,4,2026-01-15,Display,retargeting,0,0,4.95
CUST-0271,5,2026-01-17,Paid Search,brand_search,1,499,34.3
CUST-0272,1,2026-04-03,Email,newsletter,1,199,14.82
CUST-0273,1,2026-04-01,LinkedIn,webinar_promo,0,0,21.44
CUST-0273,2,2026-04-05,Organic Search,blog_traffic,0,0,32.5
CUST-0273,3,2026-04-11,Direct,direct_visit,1,499,11.46
CUST-0274,1,2026-03-27,LinkedIn,webinar_promo,0,0,20.38
CUST-0274,2,2026-03-27,Display,retargeting,0,0,24.01
CUST-0274,3,2026-03-31,Organic Search,blog_traffic,0,0,19.11
CUST-0274,4,2026-04-06,Direct,direct_visit,1,499,21.52
CUST-0275,1,2026-03-27,Organic Search,seo_landing_pages,0,0,32.96
CUST-0275,2,2026-03-26,Paid Search,competitor_search,0,0,27.37
CUST-0275,3,2026-04-05,Organic Search,seo_landing_pages,0,0,14.01
CUST-0275,4,2026-03-28,Direct,direct_visit,0,0,15.17
CUST-0275,5,2026-03-29,Display,retargeting,0,0,21.03
CUST-0276,1,2026-03-25,Paid Search,brand_search,1,99,22.18
CUST-0277,1,2026-01-31,Referral,partner_site,1,199,4.32
CUST-0278,1,2026-01-16,Email,trial_followup,0,0,25.74
CUST-0279,1,2026-01-18,LinkedIn,webinar_promo,0,0,8.18
CUST-0279,2,2026-01-23,Direct,direct_visit,1,499,3.18
CUST-0280,1,2026-03-07,Paid Search,nonbrand_search,0,0,3.59
CUST-0280,2,2026-03-06,Paid Search,nonbrand_search,0,0,26.05
CUST-0280,3,2026-03-10,Referral,partner_site,0,0,24.04
CUST-0280,4,2026-03-12,Direct,direct_visit,0,0,13.97
CUST-0281,1,2026-01-22,Email,nurture_sequence,0,0,18.71
CUST-0281,2,2026-01-25,Email,trial_followup,1,999,18.97
CUST-0282,1,2026-03-26,Paid Search,brand_search,0,0,31.49
CUST-0282,2,2026-03-24,Direct,direct_visit,0,0,2.67
CUST-0282,3,2026-03-31,Paid Search,brand_search,1,199,15.28
CUST-0283,1,2026-03-05,Referral,customer_referral,0,0,19.42
CUST-0283,2,2026-03-07,Organic Search,blog_traffic,0,0,27.76
CUST-0284,1,2026-01-26,LinkedIn,webinar_promo,0,0,3.38
CUST-0284,2,2026-01-26,Email,trial_followup,1,199,10.91
CUST-0285,1,2026-01-05,Referral,partner_site,0,0,3.86
CUST-0285,2,2026-01-05,Referral,customer_referral,0,0,23.75
CUST-0285,3,2026-01-10,Direct,direct_visit,0,0,25.64
CUST-0286,1,2026-03-13,Direct,direct_visit,0,0,16.35
CUST-0286,2,2026-03-13,Paid Search,competitor_search,0,0,10.04
CUST-0286,3,2026-03-12,Email,trial_followup,0,0,4.07
CUST-0286,4,2026-03-25,Email,newsletter,0,0,29.24
CUST-0287,1,2026-02-19,Organic Search,blog_traffic,0,0,14.66
CUST-0287,2,2026-02-24,Organic Search,blog_traffic,0,0,18.35
CUST-0287,3,2026-02-24,Display,retargeting,0,0,30.27
CUST-0287,4,2026-02-26,Paid Search,competitor_search,0,0,29.57
CUST-0287,5,2026-03-05,Paid Search,competitor_search,0,0,15.39
CUST-0288,1,2026-02-07,Display,awareness_banner,0,0,24.75
CUST-0289,1,2026-03-28,Organic Search,seo_landing_pages,0,0,19.64
CUST-0289,2,2026-03-30,Direct,direct_visit,0,0,2.14
CUST-0289,3,2026-04-04,Referral,customer_referral,0,0,31.34
CUST-0289,4,2026-04-03,Email,nurture_sequence,0,0,13.37
CUST-0289,5,2026-04-15,Organic Search,faq_pages,0,0,8.95
CUST-0290,1,2026-01-14,Referral,partner_site,0,0,9.66
CUST-0291,1,2026-01-31,LinkedIn,thought_leadership,0,0,15.87
CUST-0291,2,2026-02-03,Direct,direct_visit,0,0,24.25
CUST-0291,3,2026-02-09,Paid Search,competitor_search,0,0,26.75
CUST-0292,1,2026-01-17,Referral,partner_site,0,0,12.8
CUST-0292,2,2026-01-21,Paid Search,nonbrand_search,0,0,18.66
CUST-0292,3,2026-01-16,Organic Search,blog_traffic,0,0,27.12
CUST-0292,4,2026-01-25,Direct,direct_visit,0,0,8.34
CUST-0292,5,2026-01-18,Email,trial_followup,1,499,15.55
CUST-0293,1,2026-02-15,Paid Search,competitor_search,1,499,31.17
CUST-0294,1,2026-01-17,Paid Search,brand_search,0,0,30.78
CUST-0294,2,2026-01-18,Referral,partner_site,0,0,5.77
CUST-0294,3,2026-01-22,Direct,direct_visit,1,999,28.02
CUST-0295,1,2026-03-08,Paid Search,nonbrand_search,0,0,14.49
CUST-0295,2,2026-03-15,Direct,direct_visit,0,0,2.02
CUST-0295,3,2026-03-19,Display,awareness_banner,0,0,8.47
CUST-0295,4,2026-03-23,LinkedIn,lead_gen_ads,0,0,17.56
CUST-0295,5,2026-03-22,LinkedIn,thought_leadership,0,0,26.39
CUST-0296,1,2026-02-22,Direct,direct_visit,0,0,33.08
CUST-0296,2,2026-02-22,Organic Search,blog_traffic,0,0,16.45
CUST-0296,3,2026-02-27,Organic Search,seo_landing_pages,0,0,25.93
CUST-0296,4,2026-03-06,Paid Search,competitor_search,1,199,25.17
CUST-0297,1,2026-03-20,Organic Search,blog_traffic,0,0,14.0
CUST-0297,2,2026-03-22,Display,awareness_banner,0,0,4.69
CUST-0297,3,2026-03-28,LinkedIn,webinar_promo,0,0,3.13
CUST-0297,4,2026-04-01,Direct,direct_visit,1,999,27.18
CUST-0298,1,2026-02-17,Referral,partner_site,0,0,8.44
CUST-0298,2,2026-02-22,Direct,direct_visit,1,999,26.37
CUST-0299,1,2026-01-09,Direct,direct_visit,0,0,21.5
CUST-0299,2,2026-01-14,Organic Search,seo_landing_pages,0,0,31.29
CUST-0299,3,2026-01-09,Paid Search,brand_search,0,0,22.69
CUST-0299,4,2026-01-14,Display,awareness_banner,0,0,17.38
CUST-0300,1,2026-01-20,LinkedIn,webinar_promo,0,0,7.8
CUST-0300,2,2026-01-18,Paid Search,nonbrand_search,0,0,24.82
CUST-0300,3,2026-01-28,Direct,direct_visit,0,0,16.37
CUST-0300,4,2026-01-28,LinkedIn,lead_gen_ads,0,0,33.61
CUST-0300,5,2026-01-21,Direct,direct_visit,1,1499,10.61
CUST-0301,1,2026-02-09,LinkedIn,thought_leadership,0,0,12.37
CUST-0302,1,2026-01-22,Organic Search,faq_pages,0,0,29.03
CUST-0302,2,2026-01-29,Referral,partner_site,0,0,34.44
CUST-0302,3,2026-02-02,Direct,direct_visit,0,0,4.46
CUST-0302,4,2026-01-25,LinkedIn,thought_leadership,0,0,15.98
CUST-0302,5,2026-01-26,Paid Search,brand_search,1,99,10.2
CUST-0303,1,2026-02-06,Display,retargeting,0,0,18.73
CUST-0303,2,2026-02-10,Direct,direct_visit,0,0,31.68
CUST-0303,3,2026-02-16,Email,newsletter,0,0,29.15
CUST-0303,4,2026-02-12,Referral,customer_referral,0,0,9.84
CUST-0303,5,2026-02-14,Paid Search,brand_search,1,199,3.75
CUST-0304,1,2026-02-13,Direct,direct_visit,0,0,17.11
CUST-0304,2,2026-02-18,Display,retargeting,0,0,11.69
CUST-0304,3,2026-02-15,Paid Search,brand_search,1,999,33.7
CUST-0305,1,2026-02-27,LinkedIn,thought_leadership,0,0,9.27
CUST-0305,2,2026-02-27,Referral,partner_site,0,0,27.11
CUST-0305,3,2026-03-01,Display,retargeting,0,0,27.04
CUST-0306,1,2026-01-05,Direct,direct_visit,0,0,14.58
CUST-0306,2,2026-01-11,Direct,direct_visit,0,0,34.69
CUST-0306,3,2026-01-12,Direct,direct_visit,0,0,26.06
CUST-0307,1,2026-02-15,Paid Search,nonbrand_search,0,0,13.94
CUST-0307,2,2026-02-20,Direct,direct_visit,1,999,19.18
CUST-0308,1,2026-01-23,Email,newsletter,0,0,18.38
CUST-0308,2,2026-01-29,Organic Search,faq_pages,0,0,29.4
CUST-0308,3,2026-01-30,Paid Search,competitor_search,1,199,30.43
CUST-0309,1,2026-01-08,Display,retargeting,0,0,23.23
CUST-0309,2,2026-01-09,Paid Search,nonbrand_search,0,0,6.73
CUST-0309,3,2026-01-17,LinkedIn,webinar_promo,0,0,21.58
CUST-0310,1,2026-02-18,Paid Search,nonbrand_search,0,0,27.6
CUST-0310,2,2026-02-22,Direct,direct_visit,0,0,7.24
CUST-0310,3,2026-02-25,Referral,customer_referral,0,0,16.74
CUST-0310,4,2026-03-04,Referral,customer_referral,0,0,31.99
CUST-0311,1,2026-01-15,Direct,direct_visit,0,0,26.31
CUST-0311,2,2026-01-21,Organic Search,faq_pages,0,0,3.24
CUST-0311,3,2026-01-25,Direct,direct_visit,0,0,3.73
CUST-0311,4,2026-01-21,Email,nurture_sequence,1,1499,32.18
CUST-0312,1,2026-01-20,Referral,customer_referral,0,0,14.08
CUST-0312,2,2026-01-22,Referral,customer_referral,0,0,31.13
CUST-0312,3,2026-01-19,LinkedIn,webinar_promo,0,0,8.22
CUST-0312,4,2026-01-20,Direct,direct_visit,1,1499,31.56
CUST-0313,1,2026-01-23,Email,newsletter,1,99,23.92
CUST-0314,1,2026-01-21,Referral,customer_referral,0,0,17.41
CUST-0314,2,2026-01-23,Paid Search,nonbrand_search,1,199,33.07
CUST-0315,1,2026-03-29,LinkedIn,webinar_promo,0,0,28.24
CUST-0315,2,2026-03-29,Direct,direct_visit,0,0,22.62
CUST-0315,3,2026-03-28,Referral,customer_referral,0,0,2.19
CUST-0315,4,2026-04-02,Paid Search,competitor_search,0,0,13.75
CUST-0316,1,2026-02-08,Direct,direct_visit,0,0,34.56
CUST-0316,2,2026-02-13,Organic Search,faq_pages,0,0,4.8
CUST-0316,3,2026-02-14,Referral,partner_site,0,0,25.17
CUST-0316,4,2026-02-13,Email,nurture_sequence,1,199,6.09
CUST-0317,1,2026-01-25,LinkedIn,thought_leadership,0,0,16.9
CUST-0317,2,2026-01-30,Email,nurture_sequence,1,199,29.05
CUST-0318,1,2026-01-10,Referral,customer_referral,0,0,19.83
CUST-0318,2,2026-01-17,Direct,direct_visit,0,0,27.53
CUST-0319,1,2026-03-05,Display,retargeting,0,0,27.13
CUST-0319,2,2026-03-12,Display,awareness_banner,0,0,2.03
CUST-0320,1,2026-03-24,Paid Search,nonbrand_search,0,0,5.63
CUST-0320,2,2026-03-27,Display,awareness_banner,0,0,15.44
CUST-0320,3,2026-04-02,Email,nurture_sequence,0,0,31.76
CUST-0320,4,2026-03-25,Email,newsletter,0,0,28.9
CUST-0320,5,2026-03-31,Paid Search,competitor_search,1,199,26.16
CUST-0321,1,2026-02-26,Email,nurture_sequence,0,0,30.13
CUST-0321,2,2026-02-25,Email,nurture_sequence,0,0,30.12
CUST-0321,3,2026-03-04,Display,retargeting,0,0,15.12
CUST-0321,4,2026-03-11,Paid Search,nonbrand_search,1,199,21.73
CUST-0322,1,2026-02-05,LinkedIn,webinar_promo,1,1499,12.81
CUST-0323,1,2026-03-11,Referral,customer_referral,0,0,18.99
CUST-0323,2,2026-03-16,Email,nurture_sequence,0,0,26.68
CUST-0323,3,2026-03-13,Email,trial_followup,1,199,21.61
CUST-0324,1,2026-03-19,Paid Search,brand_search,1,99,13.27
CUST-0325,1,2026-03-16,Organic Search,blog_traffic,0,0,33.15
CUST-0326,1,2026-03-01,Direct,direct_visit,0,0,27.38
CUST-0326,2,2026-03-02,Display,awareness_banner,0,0,22.11
CUST-0326,3,2026-03-06,Direct,direct_visit,0,0,15.9
CUST-0327,1,2026-01-15,Organic Search,seo_landing_pages,1,199,7.22
CUST-0328,1,2026-02-25,Paid Search,competitor_search,0,0,22.48
CUST-0328,2,2026-02-28,LinkedIn,thought_leadership,0,0,30.07
CUST-0328,3,2026-02-27,Email,nurture_sequence,0,0,34.88
CUST-0328,4,2026-03-12,Display,retargeting,0,0,26.75
CUST-0328,5,2026-03-16,Direct,direct_visit,1,999,9.46
CUST-0329,1,2026-03-21,Paid Search,nonbrand_search,0,0,3.36
CUST-0329,2,2026-03-25,Paid Search,competitor_search,0,0,23.33
CUST-0329,3,2026-03-22,LinkedIn,lead_gen_ads,0,0,24.19
CUST-0329,4,2026-03-23,Direct,direct_visit,1,499,29.47
CUST-0330,1,2026-03-09,LinkedIn,thought_leadership,0,0,10.97
CUST-0330,2,2026-03-11,Referral,partner_site,0,0,11.3
CUST-0331,1,2026-03-08,LinkedIn,lead_gen_ads,0,0,22.26
CUST-0331,2,2026-03-06,Display,retargeting,0,0,18.46
CUST-0331,3,2026-03-10,Email,nurture_sequence,0,0,32.08
CUST-0331,4,2026-03-20,LinkedIn,lead_gen_ads,0,0,16.76
CUST-0331,5,2026-03-14,Direct,direct_visit,1,99,25.49
CUST-0332,1,2026-03-04,Referral,customer_referral,0,0,10.82
CUST-0333,1,2026-02-13,Organic Search,seo_landing_pages,0,0,3.57
CUST-0333,2,2026-02-13,Paid Search,competitor_search,0,0,6.95
CUST-0333,3,2026-02-23,Paid Search,competitor_search,1,1499,6.54
CUST-0334,1,2026-02-04,LinkedIn,lead_gen_ads,0,0,23.19
CUST-0334,2,2026-02-11,Organic Search,seo_landing_pages,0,0,7.44
CUST-0334,3,2026-02-15,Referral,partner_site,0,0,5.35
CUST-0334,4,2026-02-15,Referral,customer_referral,0,0,27.77
CUST-0334,5,2026-02-18,Organic Search,blog_traffic,0,0,23.73
CUST-0335,1,2026-03-31,Display,awareness_banner,0,0,24.65
CUST-0335,2,2026-03-30,Paid Search,nonbrand_search,1,1499,7.89
CUST-0336,1,2026-04-01,Email,newsletter,0,0,26.12
CUST-0336,2,2026-04-01,Paid Search,nonbrand_search,0,0,24.35
CUST-0336,3,2026-04-05,Email,nurture_sequence,0,0,6.09
CUST-0337,1,2026-01-06,Referral,partner_site,0,0,13.02
CUST-0338,1,2026-01-23,Email,newsletter,0,0,33.08
CUST-0338,2,2026-01-29,LinkedIn,webinar_promo,0,0,10.01
CUST-0338,3,2026-02-02,Referral,partner_site,0,0,4.81
CUST-0338,4,2026-01-25,Direct,direct_visit,1,199,17.04
CUST-0339,1,2026-03-12,Paid Search,competitor_search,0,0,19.33
CUST-0339,2,2026-03-18,LinkedIn,webinar_promo,0,0,7.28
CUST-0339,3,2026-03-19,Paid Search,competitor_search,1,99,20.3
CUST-0340,1,2026-03-15,Display,awareness_banner,0,0,19.04
CUST-0340,2,2026-03-18,Display,awareness_banner,0,0,34.65
CUST-0340,3,2026-03-17,Organic Search,blog_traffic,0,0,6.12
CUST-0340,4,2026-03-22,Direct,direct_visit,0,0,13.53
CUST-0340,5,2026-03-19,Email,trial_followup,1,99,28.99
CUST-0341,1,2026-01-09,Referral,customer_referral,0,0,8.5
CUST-0341,2,2026-01-10,Display,awareness_banner,0,0,17.13
CUST-0341,3,2026-01-14,Paid Search,brand_search,0,0,29.67
CUST-0342,1,2026-01-29,Direct,direct_visit,0,0,24.41
CUST-0342,2,2026-01-29,Paid Search,nonbrand_search,0,0,2.59
CUST-0342,3,2026-01-30,Display,awareness_banner,0,0,15.16
CUST-0342,4,2026-02-04,Direct,direct_visit,0,0,23.41
CUST-0342,5,2026-02-06,Email,nurture_sequence,1,499,12.63
CUST-0343,1,2026-01-16,Display,retargeting,1,199,22.03
CUST-0344,1,2026-02-08,Paid Search,competitor_search,0,0,15.01
CUST-0344,2,2026-02-12,LinkedIn,thought_leadership,0,0,16.18
CUST-0344,3,2026-02-13,LinkedIn,webinar_promo,0,0,33.74
CUST-0345,1,2026-01-14,Referral,customer_referral,0,0,8.77
CUST-0345,2,2026-01-17,Organic Search,faq_pages,0,0,2.48
CUST-0345,3,2026-01-25,Referral,customer_referral,0,0,6.74
CUST-0346,1,2026-03-09,Display,awareness_banner,0,0,18.33
CUST-0346,2,2026-03-13,LinkedIn,webinar_promo,0,0,33.6
CUST-0347,1,2026-03-14,Email,nurture_sequence,0,0,19.3
CUST-0347,2,2026-03-14,LinkedIn,thought_leadership,0,0,15.85
CUST-0347,3,2026-03-24,Display,awareness_banner,0,0,29.12
CUST-0347,4,2026-03-16,Organic Search,faq_pages,0,0,29.4
CUST-0347,5,2026-03-22,Direct,direct_visit,1,199,33.1
CUST-0348,1,2026-01-07,Direct,direct_visit,0,0,17.71
CUST-0348,2,2026-01-12,Display,retargeting,0,0,11.83
CUST-0348,3,2026-01-16,Referral,customer_referral,0,0,12.39
CUST-0348,4,2026-01-16,Organic Search,faq_pages,0,0,10.61
CUST-0348,5,2026-01-19,Organic Search,faq_pages,0,0,34.27
CUST-0349,1,2026-03-26,Paid Search,nonbrand_search,0,0,16.26
CUST-0349,2,2026-03-24,LinkedIn,lead_gen_ads,0,0,27.74
CUST-0349,3,2026-03-31,Direct,direct_visit,0,0,16.72
CUST-0349,4,2026-03-30,Referral,partner_site,0,0,34.92
CUST-0350,1,2026-01-21,Paid Search,brand_search,0,0,11.79
CUST-0350,2,2026-01-26,LinkedIn,webinar_promo,0,0,15.48
CUST-0350,3,2026-01-30,Paid Search,nonbrand_search,0,0,7.23
CUST-0350,4,2026-02-03,Email,trial_followup,1,499,26.87
